rank,subreddit,subscribers,subreddit_name
1,/r/announcements,58592246,announcements
2,/r/funny,30781470,funny
3,/r/AskReddit,28134498,AskReddit
4,/r/gaming,26438597,gaming
5,/r/aww,24993372,aww
6,/r/pics,24758206,pics
7,/r/science,24128597,science
8,/r/worldnews,24110664,worldnews
9,/r/Music,23851060,Music
10,/r/videos,22983127,videos
11,/r/movies,22971864,movies
12,/r/todayilearned,22889395,todayilearned
13,/r/news,20766143,news
14,/r/Showerthoughts,20131633,Showerthoughts
15,/r/IAmA,20102833,IAmA
16,/r/gifs,19966692,gifs
17,/r/EarthPorn,19861467,EarthPorn
18,/r/askscience,19132557,askscience
19,/r/food,18715463,food
20,/r/Jokes,18472547,Jokes
21,/r/explainlikeimfive,18055751,explainlikeimfive
22,/r/books,17993535,books
23,/r/LifeProTips,17871711,LifeProTips
24,/r/blog,17707739,blog
25,/r/Art,17712794,Art
26,/r/mildlyinteresting,17547755,mildlyinteresting
27,/r/DIY,17467690,DIY
28,/r/sports,17191911,sports
29,/r/nottheonion,16954456,nottheonion
30,/r/space,16852145,space
